[
    {
        "id":1,
        "songName": "演员",
        "album": "绅士",
        "singer": "薛之谦",
        "time": "04:21"
    },
    {
        "id":2,
        "songName": "天分",
        "album": "怪咖",
        "singer": "薛之谦",
        "time": "04:01"
    },
    {
        "id":3,
        "songName": "刚刚好",
        "album": "初学者",
        "singer": "薛之谦",
        "time": "04:10"
    },
    {
        "id":4,
        "songName": "意外",
        "album": "意外",
        "singer": "薛之谦",
        "time": "04:47"
    },
    {
        "id":5,
        "songName": "丑八怪",
        "album": "意外",
        "singer": "薛之谦",
        "time": "04:08"
    }
]